{
    "carvers": [
        "minecraft:cave",
        "minecraft:cave_extra_underground",
        "minecraft:canyon"
    ],
    "downfall": 0.8,
    "effects": {
        "fog_color": 12638463,
        "foliage_color": 6809288,
        "grass_color": 2798279,
        "mood_sound": {
            "block_search_extent": 8,
            "offset": 2,
            "sound": "minecraft:ambient.cave",
            "tick_delay": 6000
        },
        "music": {
            "max_delay": 24000,
            "min_delay": 12000,
            "replace_current_music": false,
            "sound": "minecraft:music.overworld.forest"
        },
        "particle": {
            "options": {
                "type": "minecraft:end_rod"
            },
            "probability": 0.0005
        },
        "sky_color": 12626175,
        "water_color": 10655972,
        "water_fog_color": 329011
    },
    "features": [
        [
            "terralith:canyon/cliff/grass_upper",
            "terralith:canyon/cliff/grass_lower"
        ],
        [
            "minecraft:lake_lava_underground",
            "minecraft:lake_lava_surface"
        ],
        [
            "minecraft:amethyst_geode"
        ],
        [
            "minecraft:monster_room",
            "minecraft:monster_room_deep"
        ],
        [],
        [],
        [
            "minecraft:ore_dirt",
            "minecraft:ore_gravel",
            "minecraft:ore_granite_upper",
            "minecraft:ore_granite_lower",
            "minecraft:ore_diorite_upper",
            "minecraft:ore_diorite_lower",
            "minecraft:ore_andesite_upper",
            "minecraft:ore_andesite_lower",
            "minecraft:ore_tuff",
            "minecraft:ore_coal_upper",
            "minecraft:ore_coal_lower",
            "minecraft:ore_iron_upper",
            "minecraft:ore_iron_middle",
            "minecraft:ore_iron_small",
            "minecraft:ore_gold",
            "minecraft:ore_gold_lower",
            "minecraft:ore_redstone",
            "minecraft:ore_redstone_lower",
            "minecraft:ore_diamond",
            "minecraft:ore_diamond_medium",
            "minecraft:ore_diamond_large",
            "minecraft:ore_diamond_buried",
            "minecraft:ore_lapis",
            "minecraft:ore_lapis_buried",
            "minecraft:ore_copper",
            "minecraft:underwater_magma"
        ],
        [],
        [
            "minecraft:spring_water",
            "minecraft:spring_lava"
        ],
        [
            "terralith:enchanted/shrooms",
            "terralith:enchanted/shrooms_brown",
            "terralith:enchanted/small_shrooms",
            "terralith:enchanted/small_shrooms_brown",
            "terralith:enchanted/trees",
            "minecraft:glow_lichen",
            "minecraft:forest_flowers",
            "minecraft:flower_default",
            "minecraft:patch_grass_forest",
            "minecraft:brown_mushroom_normal",
            "minecraft:red_mushroom_normal",
            "minecraft:patch_sugar_cane",
            "minecraft:patch_pumpkin"
        ],
        [
            "minecraft:freeze_top_layer"
        ]
    ],
    "has_precipitation": true,
    "spawn_costs": {},
    "spawners": {
        "ambient": [
            {
                "type": "minecraft:bat",
                "maxCount": 8,
                "minCount": 8,
                "weight": 10
            }
        ],
        "axolotls": [],
        "creature": [
            {
                "type": "minecraft:sheep",
                "maxCount": 2,
                "minCount": 2,
                "weight": 12
            },
            {
                "type": "minecraft:pig",
                "maxCount": 2,
                "minCount": 2,
                "weight": 10
            },
            {
                "type": "minecraft:chicken",
                "maxCount": 2,
                "minCount": 2,
                "weight": 10
            },
            {
                "type": "minecraft:cow",
                "maxCount": 2,
                "minCount": 2,
                "weight": 8
            }
        ],
        "misc": [],
        "monster": [],
        "underground_water_creature": [
            {
                "type": "minecraft:glow_squid",
                "maxCount": 6,
                "minCount": 4,
                "weight": 10
            }
        ],
        "water_ambient": [],
        "water_creature": []
    },
    "temperature": 0.7
}